country,mean_dist,median_dist,max_dist,argmax_dist,min_dist,argmin_dist,mean_distw,median_distw,max_distw,argmax_distw,p90_distw,min_distw,argmin_distw,mean_distcap,median_distcap,max_distcap,argmax_distcap,min_distcap,argmin_distcap
Afghanistan,7490.291525,6351.6465,16353.9,Chile,374.6522,Pakistan,7442.842583796296,6443.254,16262.29,Chile,13290.7,498.4332,Tajikistan,7480.183247727273,6351.6465,16353.9,Chile,374.6522,Pakistan
Albania,6383.107725454545,5795.5875,17971.9,New Zealand,155.9628,North Macedonia,6328.317876388889,5625.3975,17853.96,New Zealand,11658.814999999999,168.1648,North Macedonia,6370.987438636364,5747.847,17971.9,New Zealand,155.9628,North Macedonia
Algeria,6571.216626484018,6157.438,18953.23,New Zealand,643.623,Andorra,6516.543153953488,5986.565,19107.99,New Zealand,11645.687999999998,781.0697,Andorra,6561.525092237443,6102.879,18953.23,New Zealand,643.623,Andorra
Andorra,6548.7928754545455,6214.106,19455.71,New Zealand,492.9274,Spain,6487.442893055556,6067.936,19278.08,New Zealand,11849.8,519.3864,Spain,6539.375593636363,6214.106,19455.71,New Zealand,492.9274,Spain
Angola,7636.282073181818,7169.937,17965.46,Tokelau,553.1064,Zaire,7649.6239935185185,7230.496499999999,17829.95,Tokelau,12864.15,681.5906,Congo - Brazzaville,7632.547995909091,7169.937,17965.46,Tokelau,553.1064,Zaire
Anguilla,8822.298114814816,8395.649,18610.23,East Timor,284.5707,Guadeloupe,8726.740025821597,8463.621,18617.54,East Timor,14712.522,271.6314,Guadeloupe,8821.058522222222,8395.649,18610.23,East Timor,284.5707,Guadeloupe
Antigua & Barbuda,8845.230146046511,8442.194,18787.24,East Timor,126.5893,Guadeloupe,8752.430145283019,8428.036,18793.56,East Timor,14785.873000000001,108.0554,Guadeloupe,8843.986806511628,8442.194,18787.24,East Timor,126.5893,Guadeloupe
Argentina,10690.81966359447,11214.51,19447.35,South Korea,1128.317,Chile,10687.341953051642,11173.65,19146.65,South Korea,15914.108000000004,1156.726,Chile,10701.444138248848,11214.51,19447.35,South Korea,1128.317,Chile
Armenia,6751.648756880734,6126.0595,15995.51,Niue,762.4228,Iraq,6714.300346728972,6140.876,15988.23,Niue,12742.584,767.0289,Iraq,6736.352505963303,6126.0595,15995.51,Niue,762.4228,Iraq
Aruba,9190.03134109589,9223.909,19519.52,Christmas Island,408.8065,Venezuela,9126.355279069767,9217.8,19054.85,Indonesia,14795.086,437.7824,Venezuela,9190.291500913241,9223.909,19519.52,Christmas Island,408.8065,Venezuela
Australia,12861.902055045872,14124.470000000001,18360.17,Western Sahara,1680.699,Norfolk Island,12672.26975925926,13963.585,17782.92,Western Sahara,16506.965,2268.532,Norfolk Island,12828.839192660551,14029.925,18127.14,Western Sahara,1901.822,Norfolk Island
Austria,6612.685448598131,6552.043,18322.31,New Zealand,491.769,Yugoslavia,6557.790947619047,6356.511,18097.68,New Zealand,11801.360999999997,508.3124,San Marino,6599.409941588785,6465.057,18322.31,New Zealand,491.769,Yugoslavia
Azerbaijan,6885.012968807339,6242.7615000000005,15566.2,Niue,540.446,Iran,6823.955525700934,6182.0975,15649.85,Niue,12629.256,751.5062,Iran,6870.142014678899,6242.7615000000005,15566.2,Niue,540.446,Iran
Bahamas,9084.934293181817,9107.362000000001,18505.08,Cocos (Keeling) Islands,560.8621,Cuba,9027.746391666667,9092.329,17627.11,Indonesia,14260.6,549.6821,Cuba,9083.940520454546,9107.362000000001,18505.08,Cocos (Keeling) Islands,560.8621,Cuba
Bahrain,7015.307127853881,5667.89,15808.78,Niue,425.2107,Saudi Arabia,6986.330539069767,5567.034,15817.72,Niue,13455.97,425.0258,Kuwait,7003.185420091324,5667.89,15808.78,Niue,425.2107,Saudi Arabia
Bangladesh,8685.698232110091,7982.6925,18180.65,Peru,431.1093,Bhutan,8716.181335981308,7953.7395,18053.44,Peru,15192.897,421.6291,Bhutan,8678.413911009175,7982.6925,18180.65,Peru,431.1093,Bhutan
Barbados,8777.14485412844,8458.3055,19274.44,East Timor,179.64940000000001,St. Lucia,8721.774730373832,8433.4665,19278.82,East Timor,14884.252000000002,176.9194,St. Lucia,8776.130386238532,8458.3055,19274.44,East Timor,179.64940000000001,St. Lucia
Belarus,6594.719451141553,6307.776,17451.06,New Zealand,169.5256,Lithuania,6546.856426046512,6201.998,17048.82,New Zealand,11962.662,352.4463,Lithuania,6579.574997716895,6307.776,17451.06,New Zealand,169.5256,Lithuania
Belgium,6635.813032568807,6607.189,19011.83,New Zealand,196.8761,Germany,6580.3457462616825,6541.321,18525.59,New Zealand,11869.400000000001,423.3463,Germany,6626.293212385322,6607.189,19011.83,New Zealand,262.3845,France
Belize,9861.423865454546,10333.375,19232.25,Cocos (Keeling) Islands,341.2026,Guatemala,9780.560726851852,10247.39,17686.4,Indonesia,14909.065,302.0128,Honduras,9862.700247272727,10343.025000000001,19232.25,Cocos (Keeling) Islands,341.2026,Guatemala
Benin,7349.470601415094,6288.763999999999,19599.56,Tuvalu,105.1806,Nigeria,7270.536830769231,6097.165000000001,19561.39,Tuvalu,13449.159000000007,246.0379,Togo,7337.532025471698,6254.949500000001,19580.11,Tuvalu,162.8375,Togo
Bermuda,8439.386440909091,7788.502,17410.71,Christmas Island,1248.121,United States,8381.210166666668,7807.2105,17196.82,Australia,14055.48,1370.117,Turks & Caicos Islands,8436.754495454545,7797.026,17410.71,Christmas Island,1322.397,United States
Bhutan,8482.594217272728,7656.277,18046.07,Chile,431.1093,Bangladesh,8517.58642037037,7781.994500000001,18015.82,Chile,14807.605,421.6291,Bangladesh,8475.024076363636,7656.277,18046.07,Chile,431.1093,Bangladesh
Bolivia,10402.078557603687,10882.31,19366.59,Macao SAR China,1075.675,Peru,10299.561384976525,10790.18,19446.26,Hong Kong SAR China,16628.89,1372.791,Peru,10388.39895391705,10872.6,19674.05,Hong Kong SAR China,1483.718,Peru
Bosnia & Herzegovina,6615.604325943396,6519.173000000001,18148.78,New Zealand,303.8697,Albania,6565.968276442308,6271.2585,17996.12,New Zealand,11825.732000000005,376.4586,Albania,6602.846078773585,6519.173000000001,18148.78,New Zealand,303.8697,Albania
Botswana,8475.77496146789,8507.657,15854.12,Marshall Islands,683.9498,Mozambique,8394.066164485981,8309.359999999999,15926.86,Tokelau,13136.771,706.1302,Zimbabwe,8471.748872018348,8507.657,15854.12,Marshall Islands,256.2495,South Africa
Brazil,9711.113268181818,9791.671999999999,18821.26,Taiwan,1134.649,Paraguay,9398.30549537037,9360.909,18537.98,Northern Mariana Islands,15899.795,1633.136,Paraguay,9447.392159090909,9377.135999999999,19058.27,Palau,1463.434,Paraguay
British Virgin Islands,8914.349078604651,8510.137,18661.72,Christmas Island,159.7829,Puerto Rico,8817.225614622641,8555.931999999999,18485.87,East Timor,14719.032,175.987,Puerto Rico,8913.228055348838,8510.137,18661.72,Christmas Island,159.7829,Puerto Rico
Brunei,10450.534254545455,10069.015,18701.84,Bolivia,1262.339,Philippines,10495.251666666667,10069.085,18607.94,Bolivia,17459.18,1254.45,Malaysia,10448.227122727272,10048.630000000001,18524.67,Guyana,1262.339,Philippines
Bulgaria,6395.540987272728,5785.217,17735.26,New Zealand,168.0973,North Macedonia,6354.8453736111105,5548.004,17445.41,New Zealand,11839.605,311.9887,North Macedonia,6382.956825,5785.217,17735.26,New Zealand,168.0973,North Macedonia
Burkina Faso,7277.122535211268,6221.843,19596.79,Tuvalu,762.0836,Togo,7239.872992822967,5994.258,19511.02,Tuvalu,13444.758000000018,683.7202,Togo,7271.45250140845,6035.036,19596.79,Tuvalu,762.0836,Togo
Burundi,7496.3887059633025,6477.9775,17297.51,Tokelau,549.2128,Uganda,7469.770277570094,6356.0265,17305.13,Tokelau,13016.304,555.0759,Uganda,7488.9402518348625,6477.9775,17297.51,Tokelau,549.2128,Uganda
Cambodia,9803.45680825688,9111.6355,19812.04,Peru,535.9692,Thailand,9824.310024766355,9161.2855,19648.45,Peru,16751.993,520.5353,Thailand,9798.045514678899,9098.376,19812.04,Peru,535.9692,Thailand
Cameroon,7239.555184792627,6231.046,19341.24,Tokelau,301.903,Equatorial Guinea,7135.437397652582,5907.747,19426.09,Tokelau,12614.640000000007,460.2168,Equatorial Guinea,7232.409082949309,6231.046,19341.24,Tokelau,301.903,Equatorial Guinea
Canada,8751.358207272728,8940.9235,16547.92,Cocos (Keeling) Islands,548.3946,United States,8894.27237962963,9168.328000000001,15483.1,Mauritius,13336.205,2079.297,United States,8590.981434090909,8708.863,16302.44,Cocos (Keeling) Islands,737.0425,United States
Cape Verde,7573.549816438356,6169.818,19320.63,Solomon Islands,651.838,Senegal,7507.91316,6190.291,19187.68,Solomon Islands,15015.645999999999,785.6708,Senegal,7569.125368949772,6169.818,19320.63,Solomon Islands,651.838,Senegal
Cayman Islands,9477.723294063926,9834.499,19253.35,Cocos (Keeling) Islands,438.1074,Cuba,9418.178891627907,9826.478,18056.46,Indonesia,14732.274000000001,471.622,Cuba,9478.008814611872,9834.499,19253.35,Cocos (Keeling) Islands,438.1074,Cuba
Central African Republic,7217.609319444445,6101.23,18753.04,Tokelau,1034.421,Zaire,7160.212325471698,5918.959,18826.49,Tokelau,12215.973000000002,1049.88,Equatorial Guinea,7208.6080879629635,6101.23,18753.04,Tokelau,1034.421,Zaire
Chad,6986.227851851852,5364.058999999999,19192.57,Tokelau,1158.094,Equatorial Guinea,6965.296688679246,5450.7855,19137.92,Tokelau,12235.477,1232.042,Equatorial Guinea,6975.911734259259,5364.058999999999,19192.57,Tokelau,916.8266,Nigeria
Chile,11023.393219178082,11551.52,19079.88,China,1128.317,Argentina,10997.31001860465,11569.81,18884.52,China,16417.928,1156.726,Argentina,11031.530452054794,11551.52,19079.88,China,1128.317,Argentina
China,9343.156051851853,8754.051,19297.47,Argentina,809.5382,North Korea,9499.735464788733,8875.041999999998,19110.13,Argentina,14464.972000000002,1123.936,North Korea,9333.304051851852,8754.051,19297.47,Argentina,809.5382,North Korea
Colombia,9827.623958525346,10137.39,19772.34,Indonesia,1036.634,Aruba,9704.285651173708,10028.56,19369.97,Indonesia,15161.712000000003,929.5887,Aruba,9829.757834101383,10137.39,19772.34,Indonesia,1036.634,Aruba
Comoros,8076.490998630137,7342.248,15923.29,Mexico,690.7507,Tanzania,8089.8925441860465,7378.301,16115.87,Mexico,13679.898000000001,1015.016,Tanzania,8070.834269406393,7367.216,15923.29,Mexico,1028.871,Tanzania
Congo - Brazzaville,7543.902664722222,6974.831,18356.53,Tokelau,10.47888,Zaire,7513.954903301887,6669.463,18413.27,Tokelau,12758.284000000001,681.5906,Angola,7538.138678611112,7000.045,18356.53,Tokelau,10.47888,Zaire
Costa Rica,10080.832713888889,10513.425,19737.02,Cocos (Keeling) Islands,514.3561,Panama,10027.82559009434,10478.97,18495.13,Singapore,15339.738999999998,464.8168,Panama,10082.954834259259,10513.425,19737.02,Cocos (Keeling) Islands,514.3561,Panama
Croatia,6638.528713207547,6742.427,18364.35,New Zealand,342.8565,San Marino,6578.971523557692,6348.2315,18105.85,New Zealand,11826.572000000007,349.4802,San Marino,6625.808361320755,6676.567999999999,18364.35,New Zealand,342.8565,San Marino
Cuba,9366.92249409091,9599.670999999998,18849.57,Cocos (Keeling) Islands,438.1074,Cayman Islands,9219.153202314814,9519.3735,17876.22,Indonesia,14523.445,471.622,Cayman Islands,9366.657985,9599.670999999998,18849.57,Cocos (Keeling) Islands,438.1074,Cayman Islands
Cyprus,6496.310365454546,5543.782,17124.96,Niue,243.4737,Lebanon,6448.203064814815,5463.5715,17140.69,Niue,12158.39,247.4846,Lebanon,6481.947599090909,5543.782,17124.96,Niue,243.4737,Lebanon
Czechia,6565.231223041475,6560.238,18419.03,New Zealand,445.1513,Hungary,6504.681150704225,6183.293,17985.78,New Zealand,11854.984000000002,387.0714,Poland,6551.940427188941,6359.505,18419.03,New Zealand,279.8608,Germany
Côte d’Ivoire,7536.616267136151,6357.273,19532.04,Tuvalu,418.1497,Ghana,7477.8755320574155,6263.356,19597.72,Tuvalu,14051.97200000001,486.3088,Ghana,7513.708561502348,6242.251,19505.51,Tuvalu,574.2312,Ghana
Denmark,6627.681974545455,6662.5755,18247.02,New Zealand,485.3148,Norway,6583.627255092592,6588.800499999999,17812.94,New Zealand,11941.92,450.0833,Sweden,6614.367547727273,6662.5755,18247.02,New Zealand,352.9857,Germany
Djibouti,7154.613220909091,5656.467000000001,16395.86,Niue,438.8798,Yemen,7125.888505092593,5615.388,16399.53,Niue,13527.465,382.2191,Yemen,7144.310848181818,5620.1795,16395.86,Niue,438.8798,Yemen
Dominica,8881.136061023255,8555.577,18968.38,East Timor,84.32413,Martinique,8782.831434292453,8451.196,18969.32,East Timor,14768.801,92.12357,Martinique,8880.056893581395,8555.577,18968.38,East Timor,84.32413,Martinique
Dominican Republic,9040.53734470046,8963.604,19012.02,Christmas Island,269.1628,Haiti,8989.583511267605,8962.206,18413.03,Indonesia,14542.468,254.3441,Haiti,9039.91043686636,8963.604,19012.02,Christmas Island,269.1628,Haiti
East Timor,11429.220736363635,11822.385,19719.86,Suriname,1909.506,Brunei,11492.57586111111,11894.05,19593.63,Suriname,17734.114999999998,1935.633,Brunei,11430.369477272727,11822.385,19719.86,Suriname,1909.506,Brunei
Ecuador,10200.75267281106,10706.22,19747.4,Singapore,1293.471,Costa Rica,10247.952328638497,10758.04,19650.13,Singapore,15520.712000000003,1157.475,Peru,10204.154539170508,10728.15,19747.4,Singapore,1293.471,Costa Rica
Egypt,6526.851167727273,5247.4169999999995,17570.36,Niue,346.615,Palestine,6478.056359259259,5168.484,17581.45,Niue,12184.404999999999,410.3289,Palestine,6513.575822272727,5247.4169999999995,17570.36,Niue,346.615,Palestine
El Salvador,10189.116701851852,10640.11,19370.59,Cocos (Keeling) Islands,397.0646,Belize,10135.058808962263,10557.865,17835.94,Indonesia,15248.757000000001,429.1265,Belize,10191.059637037037,10640.11,19370.59,Cocos (Keeling) Islands,397.0646,Belize
Equatorial Guinea,7179.015362727272,6245.6475,19442.88,Tokelau,301.903,Cameroon,7168.650764351852,6077.457,19295.04,Tokelau,12648.135,351.3054,Gabon,7173.054174545455,6245.6475,19442.88,Tokelau,301.903,Cameroon
Eritrea,6980.465348401826,5307.508,16947.59,Niue,574.1962,Yemen,6963.9817037209305,5125.31,16893.26,Niue,13184.016,567.4298,Djibouti,6969.1852570776255,5184.84,16947.59,Niue,574.1962,Yemen
Estonia,6757.916443227273,6739.475,17411.42,New Zealand,80.98481,Finland,6706.171958333333,6742.718,16930.38,New Zealand,11868.779999999999,260.4597,Finland,6743.052575045454,6806.3544999999995,17411.42,New Zealand,80.98481,Finland
Eswatini,8607.39456146789,8444.5225,15373.42,Tokelau,150.5023,Mozambique,8612.74109953271,8456.489000000001,15356.51,Tokelau,13162.909,618.0505,South Africa,8602.925487614679,8444.5225,15373.42,Tokelau,150.5023,Mozambique
Ethiopia,7138.074245454545,5708.503,16743.52,Niue,551.285,Djibouti,7098.865531018519,5653.8845,16749.98,Niue,13255.564999999999,553.0049,Djibouti,7127.810359090909,5708.503,16743.52,Niue,551.285,Djibouti
Falkland Islands,11091.568163636364,11357.285,18860.03,Mongolia,1872.809,Uruguay,11082.679398148148,11290.695,18759.54,Mongolia,15352.08,1963.036,Uruguay,11103.43265909091,11357.285,18860.03,Mongolia,1872.809,Uruguay
Faroe Islands,7003.126025454545,6732.08,18057.58,New Zealand,799.5668,Iceland,6949.287760648148,6696.128,17516.5,New Zealand,11711.785,781.9797,Iceland,6992.345552727273,6732.08,18057.58,New Zealand,799.5668,Iceland
Fiji,13512.668353271029,14275.24,19388.75,Niger,788.5273,Wallis & Futuna,13570.82081952381,14377.849999999999,19384.72,Burkina Faso,17938.903000000002,788.8261,Wallis & Futuna,13520.412923364485,14275.24,19388.75,Niger,788.5273,Wallis & Futuna
Finland,6785.336794590909,6819.3535,17362.61,New Zealand,80.98481,Estonia,6779.207164351851,6788.4485,16838.8,New Zealand,11771.715,260.4597,Estonia,6770.482976409091,6863.4535,17362.61,New Zealand,80.98481,Estonia
France,6576.00845,6500.862,19263.88,New Zealand,262.3845,Belgium,6490.881143981482,6281.662,18894.29,New Zealand,11890.605,473.7304,Switzerland,6566.701484545454,6500.862,19263.88,New Zealand,262.3845,Belgium
French Guiana,8762.024835454546,8377.836500000001,19568.02,East Timor,337.7052,Suriname,8722.892794907408,8314.76,19575.55,East Timor,15390.615000000002,390.9348,Suriname,8760.965421818182,8377.836500000001,19568.02,East Timor,337.7052,Suriname
Gabon,7408.302042592592,6617.7845,19062.06,Tokelau,301.1958,São Tomé & Príncipe,7383.881447641509,6519.5555,18976.91,Tokelau,12794.158000000001,351.3054,Equatorial Guinea,7403.230463425926,6615.6815,19062.06,Tokelau,301.1958,São Tomé & Príncipe
Gambia,7442.178300458715,6094.043,19454.48,Solomon Islands,155.9527,Senegal,7376.969915420561,6017.8855,19413.2,Vanuatu,14450.399000000005,188.3058,Senegal,7437.456061926605,6094.043,19454.48,Solomon Islands,155.9527,Senegal
Georgia,6763.1364366972475,6138.692499999999,16014.68,New Zealand,884.7406,Iran,6700.493204672897,6058.2245,15962.2,Niue,12727.034,961.1976,Iraq,6747.666799082569,6138.692499999999,16014.68,New Zealand,884.7406,Iran
Germany,6559.6885250000005,6484.893,18824.75,New Zealand,173.5239,Netherlands,6480.8990231481475,6400.9215,18219.9,New Zealand,11642.740000000002,377.74,Luxembourg,6525.360466363636,6387.964,18386.66,New Zealand,279.8608,Czechia
Ghana,7302.906323394495,6310.285,19699.95,Tuvalu,189.9789,Togo,7237.909588785047,6211.048000000001,19735.32,Tuvalu,13528.589000000004,306.9596,Togo,7300.421915137615,6310.285,19699.95,Tuvalu,189.9789,Togo
Gibraltar,6702.808816363637,5985.175499999999,19126.7,New Zealand,270.717,Morocco,6642.536039814815,5987.4475,19647.66,New Zealand,12386.34,343.4248,Morocco,6694.162070909091,5985.175499999999,19126.7,New Zealand,270.717,Morocco
Greece,6401.241566363637,5675.844,17541.17,Niue,485.2823,North Macedonia,6345.718077314815,5432.1465,17521.98,Niue,11668.365,420.2454,North Macedonia,6388.843735,5675.844,17541.17,Niue,485.2823,North Macedonia
Greenland,7817.6667727272725,7112.371999999999,16412.71,New Zealand,1430.479,Iceland,7766.878574074074,7036.228999999999,16169.68,Australia,12304.355,1435.499,Iceland,7809.254309090909,7040.808,16523.71,Australia,1430.479,Iceland
Grenada,9010.714409767443,8707.263,19143.63,East Timor,161.2713,Trinidad & Tobago,8952.918037914693,8698.281,19145.24,East Timor,14838.18,190.8252,Trinidad & Tobago,9010.055842325582,8707.263,19143.63,East Timor,161.2713,Trinidad & Tobago
Guadeloupe,8753.99008091743,8400.601999999999,18886.97,East Timor,86.46899,Dominica,8686.36271682243,8344.6565,18886.56,East Timor,14777.11,100.3482,Dominica,8752.883085504587,8400.601999999999,18886.97,East Timor,86.46899,Dominica
Guatemala,10172.09727142857,10628.42,19204.02,Cocos (Keeling) Islands,341.2026,Belize,10129.311682159623,10533.46,17644.61,Indonesia,15102.315999999999,350.7134,Honduras,10173.981723041476,10628.42,19204.02,Cocos (Keeling) Islands,341.2026,Belize
Guinea,7679.83030140845,6209.172,19558.13,Solomon Islands,261.6547,Guinea-Bissau,7541.0592784689,6108.79,19202.75,Vanuatu,14597.010000000018,237.7669,Sierra Leone,7676.632357746479,6188.138,19558.13,Solomon Islands,261.6547,Guinea-Bissau
Guinea-Bissau,7434.889055251141,6050.111,19483.47,Solomon Islands,208.5737,Gambia,7371.222068837209,6015.062,19431.99,Solomon Islands,14409.287999999997,213.0788,Gambia,7430.465950228311,6031.76,19483.47,Solomon Islands,208.5737,Gambia
Guyana,8892.059792272727,8670.76,19574.44,East Timor,339.601,Suriname,8843.591310648148,8637.111,19552.47,East Timor,15162.07,425.111,Suriname,8891.558328636364,8670.76,19574.44,East Timor,339.601,Suriname
Haiti,9044.683371363637,9103.993,19104.6,Christmas Island,269.1628,Dominican Republic,8982.874275,9099.35,18422.55,Indonesia,14492.575,254.3441,Dominican Republic,9044.289698636363,9103.993,19104.6,Christmas Island,269.1628,Dominican Republic
Honduras,10076.579100925926,10506.935000000001,19559.44,Cocos (Keeling) Islands,387.0416,Belize,10002.696704716982,10385.61,17913.96,Indonesia,15172.676000000003,302.0128,Belize,10078.281355555555,10506.935000000001,19559.44,Cocos (Keeling) Islands,387.0416,Belize
Hong Kong SAR China,9746.237814931506,9209.702,19347.54,Bolivia,60.77057,Macao SAR China,9790.52452139535,9281.931,19446.26,Bolivia,15940.926,741.2901,Taiwan,9741.556340045661,9196.326,19674.05,Bolivia,60.77057,Macao SAR China
Hungary,6598.685214953271,6378.529,18128.41,New Zealand,317.1298,Yugoslavia,6544.174215714285,6162.764,17834.78,New Zealand,11964.341,393.4211,Yugoslavia,6585.159730841122,6342.103,18128.41,New Zealand,317.1298,Yugoslavia
Iceland,7275.8262854545455,6725.651,17586.27,New Zealand,799.5668,Faroe Islands,7218.256040740741,6654.623,17078.86,New Zealand,11749.195,781.9797999999998,Faroe Islands,7265.9165536363635,6714.4905,17586.27,New Zealand,799.5668,Faroe Islands
India,8011.708669585253,6924.697,16936.54,Chile,801.1843,Nepal,8203.493938967136,7193.43,16916.32,Peru,14561.658000000001,1143.184,Nepal,8003.223402304147,6924.697,16936.54,Chile,801.1843,Nepal
Indonesia,10566.766321818182,10150.085,19772.34,Colombia,490.1221,Christmas Island,10637.744356481482,10184.825,19369.97,Colombia,18242.05,1012.916,Singapore,10565.132530909092,10150.085,19772.34,Colombia,490.1221,Christmas Island
Iran,6884.852846818182,6070.282,15587.2,Niue,540.446,Azerbaijan,6873.649942592592,5965.029500000001,15593.52,Niue,13183.335,742.4937,Iraq,6871.169710454546,6070.282,15587.2,Niue,540.446,Azerbaijan
Iraq,6718.380895909091,5754.0545,16274.32,Niue,559.5186,Kuwait,6689.667734722222,5590.085,16238.31,Niue,12882.795,565.2381,Kuwait,6704.375100454546,5754.0545,16274.32,Niue,559.5186,Kuwait
Ireland,6787.768110909091,6383.300499999999,19023.78,New Zealand,460.4115,United Kingdom,6736.422439814815,6361.6494999999995,18505.51,New Zealand,12057.04,425.3322,United Kingdom,6778.513882272728,6383.300499999999,19023.78,New Zealand,460.4115,United Kingdom
Israel,6540.008934863637,5464.7225,17171.11,Niue,68.90157,Palestine,6496.555714074074,5262.9485,17165.09,Niue,12366.880000000001,72.66324,Palestine,6526.097425318182,5464.7225,17171.11,Niue,68.90157,Palestine
Italy,6410.571492727273,5996.121,18572.15,New Zealand,230.0196,San Marino,6365.75300787037,5680.540499999999,18460.9,New Zealand,11963.57,327.948,San Marino,6399.4054472727275,5884.25,18572.15,New Zealand,230.0196,San Marino
Jamaica,9383.926644700461,9608.475,19150.83,Christmas Island,476.5364,Haiti,9330.55372488263,9595.732,18385.54,Indonesia,14784.568000000001,493.1289,Haiti,9384.025041013825,9608.475,19150.83,Christmas Island,476.5364,Haiti
Japan,10125.5774,9764.25,18587.08,Uruguay,1156.67,South Korea,10083.09172361111,9685.804,18745.56,Uruguay,14141.23,951.7373,South Korea,10115.924077272728,9764.25,18587.08,Uruguay,1156.67,South Korea
Jordan,6559.270659090909,5390.6445,17076.25,Niue,111.0933,Israel,6513.777208796297,5292.8875,17082.49,Niue,12443.215,114.6373,Israel,6545.316965909091,5390.6445,17076.25,Niue,111.0933,Israel
Kazakhstan,7675.799017727272,7023.3715,17030.07,Chile,194.9777,Kyrgyzstan,7478.183043981481,7014.744000000001,16475.18,Chile,12719.835,884.7125,Kyrgyzstan,7463.448398181818,7302.094,16588.83,Falkland Islands,950.3396,Kyrgyzstan
Kenya,7525.759483486238,6397.1185000000005,16637.86,Tokelau,756.2913,Rwanda,7510.403906074766,6399.8305,16650.51,Tokelau,13472.714,817.5784999999998,Rwanda,7517.205740366972,6397.1185000000005,16637.86,Tokelau,756.2913,Rwanda
Kiribati,12720.72060511628,13567.5,19224.36,Côte d’Ivoire,677.3051,Marshall Islands,12795.025942654029,13608.49,19108.54,Côte d’Ivoire,17603.96,876.9871,Nauru,12721.409679534883,13567.5,19104.32,Côte d’Ivoire,677.3051,Marshall Islands
Kuwait,6856.717808636364,5646.9220000000005,16036.1,Niue,434.559,Bahrain,6825.641798148148,5629.3099999999995,16040.02,Niue,13258.150000000001,425.0258,Bahrain,6843.793545,5646.9220000000005,16036.1,Niue,434.559,Bahrain
Kyrgyzstan,7594.862085454545,6875.7935,16847.26,Chile,194.9777,Kazakhstan,7581.786895833333,6892.559499999999,16812.88,Chile,12970.025,542.0821,Uzbekistan,7585.113780454545,6875.7935,16847.26,Chile,480.2868,Uzbekistan
Laos,9447.225413302753,8815.1715,19378.16,Peru,525.2488,Thailand,9538.398260280374,8799.669999999998,19200.03,Peru,16182.889,636.1273,Thailand,9440.838518807339,8769.9525,19378.16,Peru,525.2488,Thailand
Latvia,6671.165749090909,6578.5285,17559.44,New Zealand,263.4897,Lithuania,6620.895132407408,6521.7105,17123.93,New Zealand,11780.74,224.9286,Lithuania,6656.277522727272,6549.6055,17559.44,New Zealand,263.4897,Lithuania
Lebanon,6534.102851136364,5497.533,17023.33,Niue,85.94135,Syria,6488.766998611111,5390.6655,17022.69,Niue,12348.18,213.1258,Israel,6519.789421136364,5497.533,17023.33,Niue,85.94135,Syria
Lesotho,8734.693912844037,8746.426,15505.98,Marshall Islands,625.8596,Mozambique,8737.200277102804,8769.8305,15409.4,Marshall Islands,13170.463000000003,475.7303,South Africa,8733.32050412844,8746.426,15505.98,Marshall Islands,405.7573,South Africa
Liberia,7456.376745454545,6225.814,19338.94,Nauru,367.822,Sierra Leone,7391.680744444445,6206.5015,19317.07,Nauru,14286.775,364.9467,Sierra Leone,7453.121379090909,6225.814,19338.94,Nauru,367.822,Sierra Leone
Libya,6469.076633636364,5623.3945,18502.82,Tonga,375.7234,Malta,6411.7957726851855,5272.912,18435.08,Niue,11704.925,541.6556,Malta,6458.075329090909,5623.3945,18502.82,Tonga,375.7234,Malta
Lithuania,6638.443757534246,6471.478,17568.3,New Zealand,169.5256,Belarus,6596.873599534883,6402.146,17226.41,New Zealand,11734.452000000001,224.9286,Latvia,6623.414549315068,6471.478,17568.3,New Zealand,169.5256,Belarus
Luxembourg,6592.66821559633,6420.1990000000005,18988.62,New Zealand,215.9864,Germany,6536.7960803738315,6422.8785,18554.26,New Zealand,11899.067000000001,322.1524,Switzerland,6582.818647247706,6428.2405,18988.62,New Zealand,289.1023,France
Madagascar,8526.405089954338,8067.528,16533.96,Mexico,862.9797,Réunion,8544.212845116279,8057.057,16728.2,Mexico,13722.176,901.1447,Réunion,8522.051254337899,8083.425,16533.96,Mexico,862.9797,Réunion
Malawi,7953.454824545454,7572.2705,16204.64,Tokelau,522.3671,Zimbabwe,7967.727871296296,7498.891,16145.97,Tokelau,13320.68,661.0216,Zimbabwe,7946.455847272728,7572.2705,16204.64,Tokelau,522.3671,Zimbabwe
Malaysia,9929.107524090909,9297.4735,19710.32,Ecuador,315.5433,Singapore,10061.605275925926,9408.046,19490.94,Ecuador,17383.55,505.5376,Singapore,9925.222605909092,9239.349999999999,19710.32,Ecuador,315.5433,Singapore
Maldives,8541.175481818182,7422.9025,17295.18,Guatemala,772.164,Sri Lanka,8571.918600925927,7443.143,17331.67,Guatemala,15160.575,894.3248,Sri Lanka,8535.049281818181,7406.076,17295.18,Guatemala,772.164,Sri Lanka
Mali,7404.716846948356,5931.557,19904.45,Samoa,742.3722,Sierra Leone,7314.3178813397135,5912.266,19318.76,Vanuatu,13906.31200000002,814.571,Sierra Leone,7400.060415023474,5931.557,19904.45,Samoa,742.3722,Sierra Leone
Malta,6424.187294090909,5843.6685,18137.23,Tonga,375.7234,Libya,6367.751094444444,5296.038500000001,18205.7,New Zealand,11876.93,401.5487,Tunisia,6412.946321363636,5843.6685,18137.23,Tonga,375.7234,Libya
Marshall Islands,12328.939430875576,13297.64,19001.35,St. Helena,677.3051,Kiribati,12323.917107511737,13228.63,18856.39,St. Helena,17066.184,939.8139000000001,Kiribati,12328.243956221198,13278.33,19001.35,St. Helena,677.3051,Kiribati
Martinique,8775.642259724771,8467.143,19045.08,East Timor,65.81419,St. Lucia,8717.94889088785,8400.6655,19053.65,East Timor,14784.794,72.96738,St. Lucia,8774.624869816515,8467.143,19045.08,East Timor,65.81419,St. Lucia
Mauritania,7442.551186384976,6036.351,19579.91,Vanuatu,526.3593,Gambia,7354.09433923445,5964.782,19599.64,Vanuatu,14413.636000000026,603.1352,Gambia,7437.602637089202,6115.446,19579.91,Vanuatu,526.3593,Gambia
Mauritius,8906.243872146119,8599.921,17590.84,Mexico,225.816,Réunion,8926.404053953489,8565.528,17756.85,Mexico,14170.298,234.3596,Réunion,8902.985684931507,8599.921,17590.84,Mexico,225.816,Réunion
Mexico,10266.23199543379,10736.3,18158.16,Cocos (Keeling) Islands,1063.046,Guatemala,10223.6294,10737.21,17756.85,Mauritius,14943.842,1427.233,Guatemala,10267.979091324201,10736.3,18158.16,Cocos (Keeling) Islands,1063.046,Guatemala
Micronesia (Federated States of),12044.662671296297,12900.490000000002,18120.11,Liberia,1270.342,Nauru,11919.59883490566,12732.625,17649.36,St. Helena,16007.658000000001,1794.798,Nauru,12043.897416666667,12890.98,18120.11,Liberia,1270.342,Nauru
Moldova,6481.100271818182,5945.609,17388.21,New Zealand,356.6724,Romania,6432.4452125,5875.477,17132.73,New Zealand,11972.61,353.7856,Romania,6466.841106818182,5934.1265,17388.21,New Zealand,356.6724,Romania
Mongolia,8657.839063636364,8198.295,18860.03,Falkland Islands,1172.047,China,8632.03863425926,8376.6565,18759.54,Falkland Islands,13131.71,1783.082,China,8646.571927272727,8198.295,18860.03,Falkland Islands,1172.047,China
Morocco,6756.313656363636,5837.5555,19292.91,Norfolk Island,270.717,Gibraltar,6700.422596759259,5847.0035,19333.78,New Zealand,12592.525,343.4248,Gibraltar,6747.881010909091,5840.3724999999995,19292.91,Norfolk Island,270.717,Gibraltar
Mozambique,8533.175201363636,8388.0705,15319.89,Tokelau,150.5023,Eswatini,8311.015652314814,8027.0595,15559.99,Tokelau,13255.849999999999,737.1703999999999,Eswatini,8528.744045454545,8388.0705,15319.89,Tokelau,150.5023,Eswatini
Myanmar (Burma),9215.455404608296,8550.929,19136.16,Peru,575.9035,Thailand,9207.602653051643,8502.772,18871.54,Peru,15874.998,718.4217,Thailand,9209.016694930875,8550.929,19136.16,Peru,575.9035,Thailand
Namibia,8276.2867,8317.411,16771.72,Marshall Islands,930.864,Botswana,8231.13075,8116.949500000001,16703.05,Marshall Islands,13158.385,1007.111,Botswana,8276.091731818182,8350.9355,16771.72,Marshall Islands,930.864,Botswana
Nauru,12396.61617,13632.5,19338.94,Liberia,725.771,Kiribati,12448.7955375,13614.325,19317.07,Liberia,17049.465,876.9871,Kiribati,12397.904529090909,13626.86,19338.94,Liberia,725.771,Kiribati
Nepal,8286.889185454545,7482.971,17650.42,Chile,437.5795,Bhutan,8282.876896296297,7446.268999999999,17577.78,Chile,14552.785,510.2557,Bhutan,8279.163508181819,7482.971,17650.42,Chile,437.5795,Bhutan
Netherlands,6659.01944266055,6666.5825,18867.02,New Zealand,173.5239,Germany,6595.214031308411,6599.5085,18384.94,New Zealand,11796.824000000004,379.1754,Germany,6649.148970183486,6666.5825,18867.02,New Zealand,360.315,United Kingdom
Netherlands Antilles,9154.011959817351,9191.019,19420.57,Christmas Island,275.9078,Venezuela,9031.554641395349,9034.158,18953.28,Indonesia,14882.083999999999,457.6761,Venezuela,9154.206448401826,9191.019,19420.57,Christmas Island,275.9078,Venezuela
New Caledonia,13067.524211415526,14236.52,19510.78,Mauritania,538.6225,Vanuatu,13120.483184186047,14218.83,19539.21,Mauritania,17387.884,579.1039,Vanuatu,13074.203165753424,14260.63,19510.78,Mauritania,538.6225,Vanuatu
New Zealand,13444.425568181818,13871.83,19586.18,Spain,1799.705,Norfolk Island,13490.998837962963,13994.945,19647.66,Gibraltar,18046.9,1322.491,Norfolk Island,13453.141099999999,13874.92,19586.18,Spain,1799.705,Norfolk Island
Nicaragua,10108.730098148148,10510.005000000001,19690.23,Cocos (Keeling) Islands,629.8522,Belize,10040.204478773585,10427.54,18178.89,Indonesia,15027.847,629.2749,Belize,10110.690274074073,10510.005000000001,19690.23,Cocos (Keeling) Islands,629.8522,Belize
Niger,7171.126279342723,6148.336,19846.2,Wallis & Futuna,802.7985,Nigeria,7058.03648229665,5949.09,19697.69,Wallis & Futuna,12759.690000000017,814.8551999999999,Nigeria,7163.864115492957,6148.336,19846.2,Wallis & Futuna,736.6656,Nigeria
Nigeria,7160.2333059090915,6183.496499999999,19510.67,Tuvalu,105.1806,Benin,7040.189161574074,5809.7695,19553.24,Tokelau,12800.465,475.8779,Benin,7024.981296363636,5806.6065,19940.46,Tokelau,568.2081,Benin
Niue,13368.447941363636,14482.6,19108.23,Chad,604.2923,Tonga,13423.235274074073,14816.295,19226.05,Niger,17551.715,581.7195,Tonga,13378.560355,14589.325,19108.23,Chad,604.2923,Tonga
Norfolk Island,13177.623717272727,14329.119999999999,19795.78,Western Sahara,770.1298,New Caledonia,13244.25539675926,14382.395,19710.59,Western Sahara,17398,822.5537,New Caledonia,13185.245685454545,14307.244999999999,19795.78,Western Sahara,770.1298,New Caledonia
North Korea,9596.777991780822,8788.533,19547.45,Uruguay,809.5382,China,9625.151990697674,9040.535000000002,19380.22,Uruguay,13991.578000000001,1116.908,Japan,9586.8567543379,8788.533,19547.45,Uruguay,809.5382,China
North Macedonia,6495.3149875,6086.0225,17861.73,New Zealand,155.9628,Albania,6442.034908962264,5831.2945,17719.54,New Zealand,11793.386000000002,168.1648,Albania,6482.740606944444,6086.0225,17861.73,New Zealand,155.9628,Albania
Northern Mariana Islands,11325.878212962964,11728.470000000001,18438.69,Brazil,2355.004,Japan,11375.489844339623,11635.51,18537.98,Brazil,15745.764,2445.683,Japan,11323.024361111111,11728.470000000001,18567.57,Brazil,2355.004,Japan
Norway,6775.636832272728,7058.576,17991.74,New Zealand,417.5658,Sweden,6753.679890277777,6968.924,17455.91,New Zealand,11962.56,502.6936,Sweden,6762.692217727273,7058.576,17991.74,New Zealand,417.5658,Sweden
Oman,7308.616562272728,6079.6675,15188.66,Peru,438.8936,United Arab Emirates,7262.225527314815,5896.6115,15114.95,Niue,13635.425,360.2072,United Arab Emirates,7298.055880454545,6039.032,15188.66,Peru,438.8936,United Arab Emirates
Pakistan,7733.457508294931,6743.58,16694.83,Chile,374.6522,Afghanistan,7728.239254460093,6669.429,16334.9,Chile,13694.728000000001,805.9722,Afghanistan,7724.10256359447,6743.58,16694.83,Chile,374.6522,Afghanistan
Palau,11218.349161290322,11560.9,18472.73,French Guiana,1683.642,Philippines,11272.944427230046,11616.72,18512.18,Brazil,16540.674,1561.964,Philippines,11218.940658986176,11553.34,19058.27,Brazil,1683.642,Philippines
Palestine,6542.312166227272,5456.729,17224.54,Niue,68.90157,Israel,6499.19460574074,5289.2085,17196.58,Niue,12347.685,72.66324,Israel,6528.524091227273,5456.729,17224.54,Niue,68.90157,Israel
Panama,9852.2122,10302.39,19470.98,Cocos (Keeling) Islands,514.3561,Costa Rica,9826.475533802817,10311.86,18896.77,Indonesia,15103.87,464.8169,Costa Rica,9854.067384331796,10302.39,19470.98,Cocos (Keeling) Islands,514.3561,Costa Rica
Papua New Guinea,12131.624622727273,13415.51,18848.79,Cape Verde,1408.743,Solomon Islands,12121.34025925926,13189.560000000001,18674.68,Cape Verde,16783.885000000002,1429.66,Solomon Islands,12134.455022727272,13415.51,18848.79,Cape Verde,1408.743,Solomon Islands
Paraguay,10313.364640552994,10607.28,19951.16,Taiwan,1134.649,Brazil,10253.561272300469,10512.35,19781.39,Taiwan,16255.098,1633.136,Brazil,10321.29457142857,10635.09,19951.16,Taiwan,1463.434,Brazil
Peru,10549.074621004565,11151.94,19812.04,Cambodia,1075.675,Bolivia,10446.785358139536,11020.29,19648.45,Cambodia,16241.883999999998,1157.475,Ecuador,10554.632337899544,11151.94,19812.04,Cambodia,1330.425,Ecuador
Philippines,10357.495802752293,10089.595000000001,19032.51,Bolivia,1114.391,Hong Kong SAR China,10493.377238317757,10206.18,19059.94,Bolivia,16780.649,1225.37,Taiwan,10355.161224770642,10024.134,19206.02,Bolivia,1114.391,Hong Kong SAR China
Poland,6554.386392694064,6310.153,17914.16,New Zealand,469.7038,Belarus,6489.246976744186,6211.926,17653.91,New Zealand,11990.982,387.0714,Czechia,6539.855186757991,6310.153,17914.16,New Zealand,469.7038,Belarus
Portugal,6768.618747272727,5867.636,19335.4,New Zealand,442.1214,Gibraltar,6710.4586,5938.806500000001,19539.48,New Zealand,12606.67,520.3647,Gibraltar,6760.295365454545,5867.636,19335.4,New Zealand,442.1214,Gibraltar
Puerto Rico,8780.427132727273,8585.911,18781.58,Christmas Island,159.7829,British Virgin Islands,8731.093771296297,8541.7235,18364.53,Indonesia,14639.93,175.987,British Virgin Islands,8779.476473636363,8585.911,18781.58,Christmas Island,159.7829,British Virgin Islands
Qatar,7061.7406027397265,5739.164,15721.33,Niue,303.9436,United Arab Emirates,7031.837826511628,5653.596,15733.46,Niue,13493.866,388.6831,United Arab Emirates,7049.893534246576,5739.164,15721.33,Niue,303.9436,United Arab Emirates
Romania,6425.975981818182,5866.084000000001,17555.44,New Zealand,299.2593,Bulgaria,6381.701214351851,5676.959,17395.67,New Zealand,11957.95,353.7856,Moldova,6412.741840909091,5793.586499999999,17555.44,New Zealand,299.2593,Bulgaria
Russia,6776.794000454545,6678.3814999999995,16774.49,New Zealand,686.9657,Belarus,7002.734888888889,6808.888,15644.42,New Zealand,11932.555,1495.438,Belarus,6760.889550454545,6647.9875,16774.49,New Zealand,686.9657,Belarus
Rwanda,7447.218033944954,6345.4400000000005,17300.54,Tokelau,376.9301,Uganda,7418.5465411214955,6246.2065,17350.46,Tokelau,12972.282000000001,421.9583,Uganda,7439.425928440367,6338.264,17300.54,Tokelau,376.9301,Uganda
Réunion,8834.303866818182,8547.711,17381.02,Mexico,225.816,Mauritius,8857.66934861111,8569.426499999998,17571.05,Mexico,13967.3,234.3596,Mauritius,8831.046225909091,8547.711,17381.02,Mexico,225.816,Mauritius
Samoa,12946.538039545454,14204.925,19904.45,Mali,574.2394,Vanuatu,13275.581393518518,14770.880000000001,19603.05,Niger,17500.875,470.5988,Wallis & Futuna,12952.161266818182,14225.43,19904.45,Mali,574.2394,Vanuatu
San Marino,6415.70119,6079.517,18621.28,New Zealand,230.0196,Italy,6358.36235,5795.321,18427.01,New Zealand,11910.63,308.0931,Slovenia,6404.382191818182,5971.463,18621.28,New Zealand,230.0196,Italy
Saudi Arabia,6907.221895454545,5591.433499999999,16203.79,Niue,425.2107,Bahrain,6816.178432870371,5199.0335,16547.74,Niue,13171.91,804.1005,Bahrain,6895.013727272727,5591.433499999999,16203.79,Niue,425.2107,Bahrain
Senegal,7572.251435211268,6148.223,19392.99,Solomon Islands,155.9527,Gambia,7500.2408373205735,6159.814,19427.63,Vanuatu,14794.806000000024,188.3058,Gambia,7568.117604225352,6148.223,19392.99,Solomon Islands,155.9527,Gambia
Seychelles,8131.2278636363635,7208.2705000000005,16827.86,Mexico,1347.699,Somalia,8131.655731481482,7232.6605,16806.21,Mexico,13984.385,1526.153,Comoros,8125.144540909091,7208.2705000000005,16827.86,Mexico,1347.699,Somalia
Sierra Leone,7505.600031651376,6168.683499999999,19282.25,Solomon Islands,290.4326,Guinea,7433.600860280374,6106.1355,19187.16,Solomon Islands,14365.117000000004,237.7669,Guinea,7501.82847293578,6168.683499999999,19282.25,Solomon Islands,290.4326,Guinea
Singapore,10234.33944562212,9550.247,19747.4,Ecuador,886.1407,Indonesia,10207.583627906977,9504.424,19650.13,Ecuador,17625.936,1012.916,Indonesia,10230.97514608295,9520.76,19747.4,Ecuador,886.1407,Indonesia
Slovakia,6610.445342056075,6507.272,18263.92,New Zealand,450.2972,Yugoslavia,6564.496655238096,6199.9075,17814.12,New Zealand,11972.726999999999,394.59,Poland,6597.034197196262,6437.286,18263.92,New Zealand,450.2972,Yugoslavia
Slovenia,6645.699679245283,6739.4815,18478.29,New Zealand,283.7302,San Marino,6590.796925,6413.637,18192.7,New Zealand,11833.912000000008,308.0931,San Marino,6633.23029245283,6659.877,18478.29,New Zealand,283.7302,San Marino
Solomon Islands,12807.566425233645,13786.150000000001,19558.13,Guinea,1258.567,Nauru,12857.270585714285,13814.630000000001,19431.99,Guinea-Bissau,16670.398999999998,1256.46,Nauru,12811.161775700935,13786.150000000001,19558.13,Guinea,1258.567,Nauru
Somalia,7540.282736363636,6484.1295,15827.35,Tokelau,1017.097,Kenya,7450.194246759259,6286.0045,15947.2,Tokelau,13575.08,927.5163,Djibouti,7532.087936363637,6468.188,15827.35,Tokelau,1017.097,Kenya
South Africa,8883.157847272727,9246.3915,15943.48,Marshall Islands,996.4764,Lesotho,8641.829503703704,8760.106499999998,15488.72,Marshall Islands,13017.955,475.7303,Lesotho,8467.464771363637,8500.811000000002,15598.37,Marshall Islands,256.2495,Botswana
South Korea,9691.95700502283,8981.467,19629.5,Uruguay,955.6511,China,9763.196429302325,9112.695,19563.95,Uruguay,14255.581999999999,951.7373,Japan,9682.230443378996,8981.467,19629.5,Uruguay,955.6511,China
Spain,6674.0689538812785,6177.53,19586.18,New Zealand,492.9274,Andorra,6603.462135348837,6212.857,19516.56,New Zealand,12077.589999999998,519.3864,Andorra,6665.174917351598,6172.208,19586.18,New Zealand,492.9274,Andorra
Sri Lanka,8732.50304090909,7683.4015,17519.65,Ecuador,772.164,Maldives,8747.61653148148,7665.7595,17664.95,Ecuador,15594.295,894.3248,Maldives,8726.514227272728,7677.848,17519.65,Ecuador,772.164,Maldives
St. Helena,8228.907468181818,7498.0599999999995,19001.35,Marshall Islands,2203.998,Angola,8293.311578703704,7522.2339999999995,18856.39,Marshall Islands,14642.595000000001,2584.414,Liberia,8231.5419,7498.0599999999995,19001.35,Marshall Islands,2203.998,Angola
St. Kitts & Nevis,8874.428269302325,8486.021,18711.5,East Timor,177.1907,Guadeloupe,8734.14224009434,8374.396999999999,18334.04,East Timor,14631.627,605.6632,Guadeloupe,8873.258222790697,8486.021,18711.5,East Timor,177.1907,Guadeloupe
St. Lucia,8832.048774608294,8511.891,19095.67,East Timor,65.81419,Martinique,8779.29939713615,8488.982,19103.31,East Timor,14812.820000000002,72.96738999999998,Martinique,8831.08217092166,8511.891,19095.67,East Timor,65.81419,Martinique
St. Pierre & Miquelon,7974.054163636364,7478.72,17332.44,Australia,1573.979,United States,7920.441347222222,7364.594,17556.47,Australia,13307.145,1767.435,Bermuda,7968.896,7462.889,17576.49,Australia,1512.249,Canada
St. Vincent & Grenadines,8870.64474654378,8587.411,19128.46,East Timor,156.6594,Martinique,8817.251329107981,8541.085999999998,19134.85,East Timor,14874.544000000002,164.3965,Martinique,8869.800571428572,8587.411,19128.46,East Timor,156.6594,Martinique
Sudan,6848.041195,5018.948,17618.83,Niue,681.6393,Eritrea,6830.271751851852,4954.0665,17620.83,Niue,12608.619999999999,818.3794,Eritrea,6836.580667727273,5014.7715,17618.83,Niue,681.6393,Eritrea
Suriname,8824.357263181819,8497.507000000001,19719.86,East Timor,337.7052,French Guiana,8763.565919907407,8427.82,19593.63,East Timor,15216.685,390.9348,French Guiana,8823.56143590909,8497.507000000001,19719.86,East Timor,337.7052,French Guiana
Sweden,6737.542575,6740.402,17738.59,New Zealand,377.9402,Estonia,6673.631618055556,6636.746999999999,17389.62,New Zealand,11855.880000000001,450.0833,Denmark,6723.412591363636,6740.402,17738.59,New Zealand,377.9402,Estonia
Switzerland,6487.0596472727275,6242.1990000000005,19006.65,New Zealand,309.8716,Luxembourg,6426.43525787037,6142.038500000001,18635.84,New Zealand,11919.35,322.1524,Luxembourg,6476.771234545455,6215.0650000000005,19006.65,New Zealand,309.8716,Luxembourg
Syria,6550.063413863637,5482.483,16973.24,Niue,85.94135,Lebanon,6509.199508796296,5474.536,16834.25,Niue,12347.57,228.363,Lebanon,6535.782994318181,5482.483,16973.24,Niue,85.94135,Lebanon
São Tomé & Príncipe,7329.645783181818,6544.27,19044.15,Tokelau,301.1958,Gabon,7284.729956018518,6271.032499999999,19027.82,Tokelau,12960.61,383.8935,Gabon,7325.876059090909,6544.27,19044.15,Tokelau,301.1958,Gabon
Taiwan,9947.379543378996,9457.249,19951.16,Paraguay,815.0919,Hong Kong SAR China,9999.395349302325,9505.849,19781.39,Paraguay,15692.962,741.2901,Hong Kong SAR China,9941.615237442922,9457.249,19951.16,Paraguay,815.0919,Hong Kong SAR China
Tajikistan,7426.700783636364,6578.679,16377.07,Chile,294.7517,Uzbekistan,7425.702876851852,6599.553,16396.58,Chile,13176.335,340.0008,Uzbekistan,7415.901500909091,6578.679,16377.07,Chile,294.7517,Uzbekistan
Tanzania,7863.4341162037035,6913.4075,16139.55,Tokelau,690.7507,Comoros,7767.950160377359,6840.3685000000005,16450.55,Tokelau,13459.395,1015.016,Comoros,7759.011177777777,6854.3395,16523.72,Tokelau,892.9504,Malawi
Thailand,9432.987015,8703.472000000002,19711.86,Peru,525.2488,Laos,9478.99470925926,8763.764500000001,19475.95,Peru,16455.52,520.5353,Cambodia,9427.12957409091,8675.1995,19711.86,Peru,525.2488,Laos
Togo,7203.084178181818,6210.991,19682.05,Tuvalu,131.6918,Benin,7126.436398148148,6030.2005,19667.23,Tuvalu,13249.42,246.0379,Benin,7200.247181363636,6195.91,19682.05,Tuvalu,162.8375,Benin
Tokelau,13251.498080184332,14367.6,19458.98,Nigeria,662.7784,Wallis & Futuna,13312.775065258216,14598.7,19553.24,Nigeria,17369.792,516.8264,Samoa,13260.478822119816,14367.6,19940.46,Nigeria,662.7784,Wallis & Futuna
Tonga,13673.656744392523,14556.895,19139.56,Niger,604.2923,Niue,13732.908598095239,14722.22,19222.06,Niger,17742.825,581.7196,Niue,13683.167291121496,14556.895,19139.56,Niger,604.2923,Niue
Trinidad & Tobago,8859.657333181818,8715.528,19221.97,East Timor,161.2713,Grenada,8807.21055324074,8712.7855,19234.82,East Timor,14837.875,190.8252,Grenada,8859.155746818182,8715.528,19221.97,East Timor,161.2713,Grenada
Tunisia,6450.438495454545,5916.217000000001,18491.59,New Zealand,400.532,Malta,6400.342034722222,5478.439,18556.12,New Zealand,11603.25,401.5487,Malta,6439.780186363636,5864.3315,18491.59,New Zealand,400.532,Malta
Turkey,6461.295933333334,5754.493,17234.53,New Zealand,442.0466,Romania,6450.953839069767,5614.723,16923.6,Niue,12140.756,712.0091,Bulgaria,6492.532484018265,5748.845,16882.32,New Zealand,714.7758,Lebanon
Turkmenistan,7081.962808636364,6373.692,15460.66,Chile,669.2072,Iran,7084.278789351852,6354.880499999999,15549.7,Chile,13141.65,850.7102999999998,Uzbekistan,7068.885835909091,6311.1715,15460.66,Chile,669.2072,Iran
Turks & Caicos Islands,8910.028516818182,8867.635999999999,18758.8,Christmas Island,348.0301,Haiti,8854.110349074073,8861.3525,18127.49,Indonesia,14361.71,330.1602,Dominican Republic,8909.112998636363,8867.635999999999,18758.8,Christmas Island,348.0301,Haiti
Tuvalu,13275.127555140187,13996.295,19699.95,Ghana,733.4758,Wallis & Futuna,13300.519668571429,14102.325,19735.32,Ghana,17798.149999999998,839.9743999999998,Wallis & Futuna,13279.288274766355,14038.95,19699.95,Ghana,733.4758,Wallis & Futuna
Uganda,7391.269669266055,6202.2465,17143.89,Tokelau,376.9301,Rwanda,7346.354898130841,6072.951,17215,Tokelau,13059.868000000002,421.9583,Rwanda,7382.817201376147,6202.2465,17143.89,Tokelau,376.9301,Rwanda
Ukraine,6584.9048999999995,6224.206,17284.29,New Zealand,433.5281,Belarus,6548.036574418605,6169.848,16794.39,New Zealand,12281.993999999999,701.2996,Belarus,6569.836114611872,6224.206,17284.29,New Zealand,433.5281,Belarus
United Arab Emirates,7140.517838636363,5891.9400000000005,15429.58,Niue,303.9436,Qatar,7134.654375925926,5843.968,15349.76,Niue,13679.64,360.2072,Oman,7129.229306818182,5876.263000000001,15429.58,Niue,303.9436,Qatar
United Kingdom,6653.855075454545,6612.7635,19147.14,New Zealand,323.7796,Belgium,6634.553362962963,6588.4715,18521.32,New Zealand,11812.81,425.3322,Ireland,6644.544705454546,6612.7635,19147.14,New Zealand,323.7796,Belgium
United States,8618.304652727273,8517.913,16764.67,Cocos (Keeling) Islands,548.3946,Canada,9359.216152777777,9758.9375,16465.65,Mauritius,13880.94,2079.297,Canada,8759.187756818183,8705.885,17036.69,Cocos (Keeling) Islands,737.0425,Canada
Uruguay,10615.101788018434,11074.05,19629.5,South Korea,1342.72,Chile,10565.762112676057,11067.54,19563.95,South Korea,15762.220000000001,1465.944,Chile,10626.026322580645,11074.05,19629.5,South Korea,1342.72,Chile
Uzbekistan,7418.735972272727,6579.485000000001,16416.31,Chile,294.7517,Tajikistan,7380.281769444445,6516.9425,16332.24,Chile,13117.66,340.0008,Tajikistan,7407.394663181818,6579.485000000001,16416.31,Chile,294.7517,Tajikistan
Vanuatu,13279.76944813084,14298.535,19579.91,Mauritania,538.6225,New Caledonia,13326.285528095239,14359.810000000001,19599.64,Mauritania,17325.197,579.1039,New Caledonia,13286.009335981309,14305.395,19579.91,Mauritania,538.6225,New Caledonia
Venezuela,9190.12882580645,9201.287,19229.31,Christmas Island,275.9078,Netherlands Antilles,9194.918584507042,9216.208,19146.71,Indonesia,15062.658000000003,437.7823,Aruba,9190.30422672811,9201.287,19229.31,Christmas Island,275.9078,Netherlands Antilles
Vietnam,9479.947273394495,8786.972000000002,19228.99,Bolivia,807.9218,Macao SAR China,9833.993102803737,9198.295999999998,19293.46,Peru,16629.195,852.594,Thailand,9473.519328440367,8780.605,19080.63,Bolivia,807.9218,Macao SAR China
Wallis & Futuna,13207.359581278539,14540.3,19846.2,Niger,662.7784,Tokelau,13261.599081860464,14538.54,19697.69,Niger,17749.21,470.5988,Samoa,13215.184302739726,14540.3,19846.2,Niger,662.7784,Tokelau
Western Sahara,7004.643582272727,5825.745,19795.78,Norfolk Island,975.2991,Morocco,6958.694522222222,5829.722,19710.59,Norfolk Island,13457.14,973.7548,Mauritania,6997.313627727273,5825.745,19795.78,Norfolk Island,975.2991,Morocco
Yemen,7069.941251818182,5454.2615000000005,16386.49,Niue,438.8798,Djibouti,7071.764775462963,5444.5715,16345.38,Niue,13526.865,382.2192,Djibouti,7059.08882,5443.57,16386.49,Niue,438.8798,Djibouti
Yugoslavia,6511.047010185185,6165.235000000001,18002.01,New Zealand,317.1298,Hungary,6452.948276886793,5870.903,17790.12,New Zealand,11856.707,338.0825,Albania,6498.085236574075,6147.799,18002.01,New Zealand,317.1298,Hungary
Zaire,7430.418309,6793.859,18346.47,Tokelau,10.47888,Congo - Brazzaville,7444.533599537037,6743.6425,17929.67,Tokelau,12583.635,744.2575,Congo - Brazzaville,7424.756227181818,6793.859,18346.47,Tokelau,10.47888,Congo - Brazzaville
Zambia,7956.499654545454,7723.0915,16511.24,Tokelau,396.8041,Zimbabwe,7877.063871759259,7472.6455000000005,16623.72,Tokelau,13127.955,583.7954,Zimbabwe,7950.015495454546,7708.827499999999,16511.24,Tokelau,396.8041,Zimbabwe
Zimbabwe,8099.558071363636,7938.9645,16117.38,Tokelau,396.8041,Zambia,8115.31064074074,7913.8085,16113.09,Tokelau,13197.295,583.7954,Zambia,8093.212854545454,7938.9645,16117.38,Tokelau,396.8041,Zambia
